序号,行号,列号,lon,lat,1940averag,1941averag,1942averag,1943averag,1944averag,1945averag,1946averag,1947averag,1948averag,1949averag,1950averag,1951averag,1952averag,1953averag,1954averag,1955averag,1956averag,1957averag,1958averag,1959averag,1960averag,1961averag,1962averag,1963averag,1964averag,1965averag,1966averag,1967averag,1968averag,1969averag,1970averag,1971averag,1972averag,1973averag,1974averag,1975averag,1976averag,1977averag,1978averag,1979averag,1980averag,1981averag,1982averag,1983averag,1984averag,1985averag,1986averag,1987averag,1988averag,1989averag,1990averag,1991averag,1992averag,1993averag,1994averag,1995averag,1996averag,1997averag,1998averag,1999averag,2000averag,2001averag,2002averag,2003averag,2004averag,2005averag,2006averag,2007averag,2008averag,2009averag,2010averag,2011averag,2012averag,2013averag,2014averag,2015averag,2016averag,2017averag,2018averag,2019averag
41963,352,145,352,54.5,10.932154576333334,11.533154485750003,11.391237974166666,11.963738044916669,11.72857133625,11.828904629083336,11.228821437,11.744071404833337,11.3159879045,11.664988042249995,11.488988002416669,11.28990467325,11.580488045666668,11.438321352166668,11.248571316083334,11.848071256750002,11.358571369999998,11.292987983083336,11.561737934416668,11.993404705166665,11.818154731583336,11.641988117583333,11.236821333500002,10.907321374666665,11.337154706833331,11.395904700083332,11.536987940833333,11.202654600583331,11.730738084083333,11.616071225916665,11.169987996,11.674821138499999,11.085404714416669,11.266988197916668,11.05198796475,11.439321278916664,11.5264046975,11.181071280916667,11.146571317916665,10.8220714735,11.202821254833335,11.280321040666669,11.500154494916663,11.22940460775,11.616321483333335,11.069571413833332,10.701904615000002,11.2908213145,11.3839879815,11.70407120458333,11.737238009583335,11.469071228916668,11.215654690916667,11.233654817833333,11.106987952333334,11.81140470516667,11.475404660499999,11.938321272583332,11.912821292583333,11.810071468,11.553321362916664,11.924571275333333,11.841821353916664,12.210904757083332,11.991487898916668,11.885238010250001,11.979154746249998,12.206654629583335,12.086987973083332,12.078238170583331,11.995488008416665,11.712404567416668,11.666987975583332,11.450321277666664,12.057487964749999,11.434738159583333,11.774154584249999,12.013737997166665,11.596821388,11.975321293499999
41964,352,146,352,55.5,11.022326072416666,11.557742754583332,11.493076085833332,12.026659410166669,11.783325911166664,11.956242800249994,11.311575889583333,12.015826145416666,11.2784925305,11.672076065666669,11.633575996166668,11.351075967166665,11.43840932675,11.578909237166664,11.281076033333335,11.930575926749999,11.445242723166663,11.377159518249998,11.660409450916667,12.036242723166664,11.940159477833333,11.710909286166663,11.314409414416668,11.053742725083335,11.305992681916669,11.409326077583337,11.714826027416668,11.319492577916668,11.83657598525,11.740659317916665,11.257659357,11.6709927725,11.189409334833334,11.308909337333331,11.0935761125,11.487326065416667,11.602909327166664,11.227659225166668,11.1175761225,10.869242509416663,11.247909307083333,11.31257597691667,11.589409271666668,11.343492746666668,11.647409280083332,11.05440942525,10.744825998,11.324992736083331,11.500826040833333,11.69182610475,11.772576013,11.498576084333337,11.347659430166663,11.280409256583333,11.059742609333334,11.685909429916668,11.566076039,11.942492723249998,11.920576015750001,11.828492481833331,11.584325948666669,11.990242639916667,11.903576056916668,12.249992767083333,12.092909337416662,11.926992654666664,12.114409287083333,12.189242681500001,12.04524270691667,12.152992725499999,12.021992604416669,11.83390943325,11.719159365416667,11.496409257166667,12.192242623166669,11.489909329749999,11.803326051333329,12.0764927075,11.600576002000002,11.93615937125
41965,352,147,352,56.5,10.761959711166668,11.21370959233333,11.2123762765,11.786126297249998,11.511459746583332,11.611126263916663,11.139626264083333,11.973876078833332,10.983959595166668,11.419126272166665,11.264876365083332,11.265792847583336,11.22862617225,11.29612620675,11.02295955,11.653709729749998,11.188459635166666,11.016876221333334,11.322876294333337,11.746959608,11.659126441833337,11.426292974,11.044876177333334,10.812209765499999,10.911292949083332,11.15579295225,11.485376199166668,11.183292786666668,11.527959584833331,11.444126287833335,10.994959673,11.336626292,10.913626352583334,11.037376323250001,10.883792876500001,11.234626292833335,11.356459537583332,10.883459487166666,10.904459476166666,10.604792993166669,10.967959642166667,10.97879298475,11.322542985333333,10.982459624,11.308792989583333,10.772626319666667,10.443376223666666,10.98687625025,11.2213761795,11.330376227583336,11.591876189250002,11.2347928685,11.059376319333332,10.938459554583332,10.884709754416669,11.41412631733333,11.283876339916668,11.608042875583331,11.497209548499999,11.56087629016667,11.338209549333332,11.684209665000004,11.732209523666668,11.995292980583336,11.863209566999998,11.584459542916667,11.812042949833335,11.881876229166664,11.711959679333331,11.95412611825,11.744709492333335,11.52104290325,11.415626447083335,11.11312627875,11.907376289333332,11.337792951833336,11.4788762735,11.738709608916665,11.32104269775,11.64779305525
41966,352,148,352,57.5,10.384976864083331,11.005810182166668,10.947476864166667,11.44572695,11.288560310916667,11.3478934775,10.814726749916666,11.657143513,10.660976885916668,11.126560291166667,11.025143463749998,10.988976876916666,10.843893527083333,11.021143516083331,10.70597688375,11.339310249333332,10.851893425833332,10.6787267515,11.000310341666667,11.479393563,11.310060104166665,11.08531014,10.70206014475,10.542976777916666,10.600476820166667,10.905476888583335,11.163060188583332,10.863976876166667,11.246643624083333,11.106893539666666,10.62139360075,11.035977046583334,10.66272688025,10.738726854416669,10.66156029725,10.915393513,11.032393535083331,10.61539355975,10.581143379416668,10.325310150166668,10.697560072333332,10.669976948916668,10.995393514583332,10.736476899583332,10.980226913583332,10.380226850166668,10.198726893083334,10.677560249416668,10.921976805,11.001726786249998,11.339810212333337,11.028143725083334,10.784810146500002,10.598310073,10.57622695025,11.062310218500002,11.016143400999999,11.298643508333333,11.173810402583332,11.199643611999996,11.064893563166668,11.343060175666663,11.422226746749999,11.724476813916668,11.56522687225,11.192810297000001,11.513810235833333,11.594310204916669,11.436560154083333,11.662226915583332,11.445893446749999,11.23647689875,11.113310257,10.820476848833332,11.678560256583333,11.039560158666667,11.12281028441667,11.462143579666664,10.983393430083332,11.326393524583333
41967,352,149,352,58.5,10.214065789833333,10.825565814166666,10.764482419583333,11.173899014083332,11.082565785166668,11.28598245,10.792065859666668,11.466065725,10.627482493666667,10.9705657945,10.830649058083331,10.77631576891667,10.565065861666666,10.915982484166667,10.603065649416664,11.141815742166667,10.668065786,10.615149020666669,10.973815679749999,11.255482514333336,11.16473245575,10.987565914916669,10.628815809166667,10.413649161416666,10.46064925325,10.767399152083335,11.070065816083334,10.620482366583332,11.105065821916666,10.892649014166668,10.41556588725,10.831232548166666,10.564982572166665,10.60431583875,10.519482453666665,10.630732456833334,10.89206584325,10.470899184583333,10.431065877416666,10.207399130333334,10.609065771749998,10.515899180833337,10.706232468416669,10.487065952,10.874565920166669,10.260232448416666,10.160065889916668,10.50673254425,10.74531571075,10.771065870916667,11.115482489583336,10.820732435333335,10.638399125,10.356232484416669,10.449232579166667,10.84681558575,10.84306581875,11.140982469750002,11.026815732249998,10.950732468583334,10.895065784583334,11.152982552916667,11.286399284666667,11.632232587916667,11.385732570916664,11.015565872083334,11.352982441833332,11.369315784833331,11.353982528,11.598065774083333,11.29298241875,11.080649216916663,10.913149198416667,10.75331576725,11.558815716833331,10.82698241808333,10.929815849166667,11.275565861666665,10.83281580516667,11.120065847083332
41968,352,150,352,59.5,9.87543328575,10.317599854,10.344849903916666,10.629183292583336,10.481349866166664,10.92868320108333,10.59534994775,11.113183259749999,10.342183192333334,10.379349867916666,10.337183156666667,10.088850100833332,9.924266735833333,10.384933312249998,10.18743316275,10.714349985416666,10.286600033583332,10.19459994675,10.566766658916665,10.778683344166666,10.719599881833332,10.6362665495,10.234683274833332,10.021516641833331,10.094183284916664,10.305516640333334,10.632433414833333,10.040016650750001,10.665349960750001,10.413849989166666,9.939766566083334,10.277016640083332,10.2370166775,10.195599874916669,10.173849980083332,10.065599839416668,10.433516740333332,10.061683257166665,9.944683313166669,9.711850006999995,10.203016519083333,9.983683268833332,10.102099896,9.880349795916668,10.442599932666667,9.862766663083331,9.759933233666668,10.024766603583332,10.366933345416664,10.232516606916663,10.62409981125,10.342349847583332,10.155349731416667,9.847599824583334,9.942516645583334,10.167433262333336,10.407266617416663,10.628599882583334,10.60168321975,10.383099714749997,10.467933258416666,10.636266707750002,10.82118344325,11.288849990833333,10.91543324775,10.6174332305,10.92309983425,10.844016551833331,11.029850005416668,11.179683367083333,10.915766636583333,10.690433264666668,10.486599923083334,10.442850034083332,11.147183338666666,10.384016593250001,10.683350006416667,10.899599870583337,10.37026651725,10.675683260333335
42087,353,146,353,55.5,10.596519549916666,11.148686171083334,11.224436202583334,11.622436125833332,11.42235271125,11.483269453499998,10.919769446583333,11.451519489583333,10.948769489833332,11.240602731916669,11.233019432,10.862852970499999,11.094019571833334,11.1058528425,10.939019441166666,11.480019568416667,10.94876940983333,10.90693608891667,11.108769654333337,11.676019510166665,11.477019469166665,11.291436116583332,10.882186254333332,10.600519459,10.97910277016667,10.989186128500002,11.248102902000001,10.864186206916663,11.323102871416664,11.267602682416664,10.765936215333333,11.305352688333334,10.767019510083331,10.919852892916667,10.705852667833332,11.090436141,11.242269436333336,10.8302695335,10.656602819000002,10.33693615625,10.861769438666668,10.893602768416665,11.134436209583333,10.901769558416667,11.20168614358333,10.543519575000003,10.290686051083334,10.864686012,11.104019562083332,11.31101942025,11.456269502666665,11.114269495583336,10.948102791166669,10.844185987333331,10.742686032750001,11.39985283225,11.113852899083334,11.535102765,11.484019518916664,11.47760295875,11.197686114916666,11.529019514749999,11.592602968666663,11.844686191416665,11.653102794583335,11.435186145833335,11.685352723833336,11.836686213666669,11.67643618625,11.811852772500002,11.577936173166664,11.3952694755,11.329436222833333,11.060852766833332,11.776352883333333,11.180019457916664,11.319436152583338,11.70093607875,11.227936188666666,11.577352842166666
42088,353,147,353,56.5,10.242158014916669,10.622991126166664,10.889407952083333,11.297324497833335,11.088657856166668,11.05249110825,10.604324579,11.620574553666671,10.534991185249998,10.968407948083334,10.875491142416667,10.616657813166666,10.812407811,10.851574579333331,10.627657889666668,11.223074515166664,10.674157859250002,10.479158003666669,10.760824559833331,11.3629911735,11.217074632333334,11.035824458416666,10.548741102666666,10.2920744415,10.46574119708333,10.697074412333334,10.95249104475,10.77399118858333,10.91957453833333,10.990407943,10.486741224,10.840157747166668,10.406741143333337,10.593574603333332,10.411241213333334,10.7024079555,10.955824534083334,10.4649913315,10.411574722166668,10.04790782975,10.511991420583334,10.53990785275,10.856491247416663,10.520407875666663,10.743908006666668,10.22357447875,9.8693245255,10.442241192333334,10.761657873833334,10.94507455825,11.157907883250001,10.8046578565,10.698741038499998,10.43515801475,10.382241209416668,11.036991278666667,10.833907842416666,11.20865782175,11.095074494583333,11.180407762583334,10.8743245605,11.19824115375,11.33182446225,11.405824502,11.393074433249998,11.080491225,11.34299103483333,11.405241331166664,11.272824525666664,11.495824415416665,11.231407643333332,11.080074547833332,10.969491243666669,10.755157827833333,11.495074509583333,10.931574424416663,11.084574461750002,11.403991222916664,10.810741107083334,11.167324463333333
42089,353,148,353,57.5,10.023957013916666,10.679123758666668,10.738373676666667,11.11737370475,10.969373701583335,10.92479022375,10.4500401815,11.242123525416664,10.367123523999998,10.721790154583333,10.757123708083332,10.32979031525,10.575456936083333,10.684290408666664,10.4230403105,11.060623485916665,10.49770689,10.374206781583334,10.605707009583334,11.165206830083337,11.04729032375,10.809456984083335,10.375040373083337,10.319873571416668,10.313206911666667,10.549540200833333,10.734123627916668,10.504040161166667,10.764206885750001,10.83187349641667,10.239123622416669,10.732206981166668,10.315540234833334,10.441873630166665,10.390456994916669,10.578623772,10.796123584833332,10.329206943166668,10.181790234,9.869623660750001,10.415373564166666,10.324373643,10.7027070525,10.445540428166666,10.613290230166667,10.003956874083334,9.796206831416667,10.381123741166666,10.618123849083334,10.775790372583332,11.026623565833333,10.744206905999999,10.63645696675,10.203290383166669,10.179706931333332,10.785706918083337,10.662456830916668,10.973873455083334,10.902790228916665,10.9507069575,10.707873582416664,10.993123690666666,11.138206798499999,11.340790430166663,11.240290245,10.856623490916666,11.158623616,11.262456974166668,11.164290270250001,11.376623549916667,11.121373415083331,10.994123618166666,10.849123557416668,10.542373656666667,11.401123603083331,10.754290103666671,10.947123527,11.243706941916663,10.652623653500001,11.045957008333332
42090,353,149,353,58.5,10.147614718583334,10.759531338416666,10.754781166083331,11.117781401083333,11.05736470125,11.131864627833336,10.6471980415,11.334614673916668,10.550697962000001,10.809947967000001,10.808198053833332,10.534447989000002,10.531031292166666,10.75244792225,10.50086474375,11.045281329749999,10.5962812895,10.597614764833333,10.876781304583332,11.14519794891667,11.147281408583334,10.886864662916668,10.543697911833334,10.3680312625,10.445864757333334,10.643198012833336,10.919198036083335,10.517781258083332,10.9801147775,10.835281291583334,10.339531420999998,10.760531425666663,10.49578142175,10.53211474425,10.536781469083332,10.5607813995,10.877197821666668,10.430364608833331,10.294864653916667,10.038364648416666,10.55586465225,10.42194795525,10.70469808675,10.487531343416665,10.745697895083332,10.190281391083332,10.081447998833331,10.483948072999999,10.647281329416668,10.754697878916666,11.046114603416667,10.787031412583335,10.671531358583332,10.256864468416666,10.291364750166668,10.763864596666664,10.750031311666667,11.025697947333331,10.935364723083332,10.890948136916665,10.783031305,11.024614732249999,11.185031414083333,11.493198076666667,11.340614638166663,10.979614734166667,11.253781319166668,11.244614759666668,11.246864635916667,11.469864607166667,11.230864763,11.12378136333333,10.870781262916665,10.65286469441667,11.474114658083332,10.793697993000002,10.930531422083332,11.274031242583337,10.73603137375,11.103531280833332
42091,353,150,353,59.5,9.907179991583332,10.383096774499998,10.405263503583333,10.744096676833337,10.618763447166666,10.944013515833335,10.6655967235,11.266513267,10.355096658083331,10.52484679191667,10.511596759,10.16659673025,10.122180144416664,10.465430101583335,10.26992996433333,10.831930081500001,10.330596844083331,10.26418018325,10.611513534916666,10.869763294416666,10.8096801445,10.666596810083332,10.298763514083332,10.088513453833333,10.176013469583333,10.390846569833334,10.706763506583334,10.181846857333332,10.750763416749999,10.545513391666667,10.054763476,10.349596818916668,10.36501336025,10.3115967115,10.30134662025,10.156513452666664,10.582679986666667,10.145180146416667,10.030013323250001,9.806180079083335,10.285846709499998,10.112013498083332,10.23176352225,9.98693013175,10.518096844666665,9.954430023083331,9.830596685000002,10.069180090916667,10.493930180916669,10.383680104916666,10.689096928333333,10.465596674916666,10.305513381250002,9.952263435166667,10.042596579,10.374263524666668,10.50768009825,10.735013325916666,10.6487633375,10.523430030666669,10.540263414916668,10.73818016175,10.971263248416667,11.34626340925,11.082013367999997,10.694096645499998,11.03968008475,10.893763224583333,11.103846788083331,11.273429950333332,10.963846682833335,10.726346890916666,10.520346721333334,10.535763502416666,11.200596730833333,10.484346786916666,10.69284685475,11.033180077666666,10.515096664083332,10.78584671075
42210,354,146,354,55.5,9.9094108335,10.526827455,10.667744080416666,11.048827488666666,10.82991075475,10.797994177333331,10.415910760749998,10.743244131416668,10.468994061833332,10.704994121583335,10.693327307333334,10.207244078166669,10.53916080808333,10.522827466583335,10.414244095583332,10.885327497583331,10.325660665083332,10.320577344166667,10.454660812583333,11.1574107805,10.830327550333335,10.728494246833334,10.308660745083335,9.9824107495,10.388410886250002,10.361910740583332,10.62932761525,10.242577513166669,10.6473275025,10.695494055083335,10.17399414375,10.744077404916666,10.193744103833332,10.435160835333331,10.1735774675,10.539410709,10.748744170166669,10.24424401975,10.013743996666664,9.636744062666668,10.287660798500001,10.284660777000001,10.579077243916666,10.300744176083333,10.532160679083331,9.911910892166668,9.657910705333334,10.295244058833331,10.55932744375,10.779660860416667,10.9533274165,10.573410788583333,10.460744221416666,10.240660866666667,10.21299405875,10.870160858416668,10.531660835583331,10.983660897000004,10.905077538499999,10.938327590333333,10.679660877666665,10.9400774645,11.084577482166665,11.295494079916663,11.127327480833335,10.8172440535,11.117410858833333,11.283660809,11.139494100666669,11.324244101583332,10.892327546833334,10.813744069583334,10.765827497083334,10.518744152,11.195827483916668,10.669827383166664,10.752827406749999,11.181744138166666,10.676327387083333,11.031577547083332
42211,354,147,354,56.5,9.627919236916668,9.978502432083333,10.352169195916668,10.7467525795,10.555002491000002,10.484085758500001,10.239669045083332,10.844085852416669,10.149669091749999,10.462002396833332,10.392585834166667,9.905419190249999,10.2447523275,10.366169095666669,10.205002347416665,10.693752566583331,10.114085873583333,9.8716691735,10.12333579825,10.948085824833337,10.596835891583332,10.456169208,10.01191902225,9.658419211916668,10.0003358125,10.195585966666668,10.397502580833336,10.216169079666669,10.285335820166667,10.449335812833333,9.829919060916668,10.294002493666666,9.937419255499998,10.12691915,9.847169201583334,10.199169158416668,10.396085896916668,10.026419242416665,9.853252450333335,9.416169007416666,10.023169160500002,9.99483577425,10.290085832583332,9.965085824249998,10.195835749166667,9.540502467916667,9.321085770416667,9.853919267583333,10.336252529916669,10.497919201416666,10.730502366166666,10.229002355416666,10.204752485166667,9.961002548416667,9.950669129249999,10.612085660583334,10.292085886083333,10.719169139499998,10.682752370083334,10.656002482333331,10.316502411916666,10.646669109416669,10.867169181083334,10.867752592166667,10.879502495083337,10.481669068333334,10.841835856416663,10.96908577391667,10.830085794416666,10.989169080166668,10.629002372,10.606419166500002,10.387169279833335,10.246502478083334,10.996835749916668,10.362835566833336,10.533585667,11.0430023675,10.284169236333334,10.761835774333331
42212,354,149,354,58.5,9.672297994083332,10.355797927083335,10.301631290666668,10.787714720833335,10.658047994416668,10.724298159,10.357048033583334,10.75821479175,10.207131305583331,10.493631442833335,10.443131366416667,10.026298006333336,10.049047946666667,10.317881265499999,10.150131305416666,10.72738130875,10.152714888166669,10.217547973333334,10.315548102000005,10.801214694416666,10.769548019083333,10.522214730916668,10.125214776250004,10.055631399166668,10.157964707333333,10.294298013833332,10.509547948333333,10.16871460275,10.497797926,10.484964690416666,9.982298097166668,10.455381393666668,10.182548125666663,10.184964656333332,10.180298009833336,10.161631425833333,10.427798033,10.089464703333332,9.943214695083334,9.611131311083335,10.172964652416669,10.009298006499998,10.230631272583336,10.077881337416668,10.40713135475,9.835214654416669,9.762881399666666,10.085881313333333,10.396298011249998,10.450464726,10.684964736833331,10.42421476,10.299048105916668,9.999464750583334,10.006797909500001,10.47188131025,10.342548091583334,10.650048016833331,10.639714796833331,10.54988129875,10.413464704833332,10.60121488525,10.888131221666667,11.057797907833335,10.983214775166664,10.559131305083335,10.896714767416665,10.871631304833333,10.965298017333334,11.038381337833332,10.837881246916668,10.699214697166669,10.528297980416664,10.337047974333334,11.055381297416666,10.41979805675,10.598131338333333,11.043881415666668,10.3786314325,10.736381292583335
42213,354,150,354,59.5,9.84054644825,10.35237979875,10.405463059833334,10.777463038166669,10.70821301125,10.902213095916666,10.643296321083334,11.293213288333336,10.344879706916666,10.608463207833335,10.60021305066667,10.172879855499998,10.220463038166669,10.520046472083333,10.33296322925,10.83496300375,10.339129924166665,10.278296549833334,10.614213227999999,10.896213054833334,10.809379973916664,10.651629844916668,10.332213082916667,10.09721326825,10.126463095249996,10.44854640925,10.706713119333337,10.26079638825,10.735879818583335,10.590963205083332,10.099879741416666,10.40079641275,10.3918796375,10.302129904166668,10.343963146583333,10.158629974416668,10.640213091916669,10.153379837833333,10.021129847083337,9.83521318375,10.32204644025,10.166296640083331,10.335879803,10.052213111916664,10.5238798465,9.977963209416666,9.820713043666666,10.067213216916663,10.511379719000002,10.434296369166667,10.667879661333332,10.5177964365,10.37529643425,10.005463123250001,10.075713237416668,10.465796390916669,10.55454659475,10.819879848583334,10.677546499833332,10.59237972933333,10.50912992075,10.75054645475,11.023629823333335,11.343879858666662,11.195046425583334,10.7333798415,11.034546376,10.889796494666667,11.09871323975,11.31212981425,10.93762969983333,10.775213002249998,10.511713107,10.539046446833334,11.189213117083336,10.561463117416668,10.640879869083331,11.08121323525,10.568879764,10.832046350166669
42333,355,145,355,54.5,10.309117993166668,10.839868108916669,10.978367965083333,11.53553493775,11.154201349166668,11.22678478575,10.892701388416667,11.353618025833335,11.040618023250001,11.300867954500001,11.105368057083332,10.626201390583336,10.981367905749998,10.9392846825,10.781951309083333,11.321951468499998,10.760118047750002,10.763451338083334,10.912201365916667,11.622368177416668,11.29186805025,11.22711801391667,10.690034706916663,10.32486804425,10.8547012815,10.784618059750002,10.987451473333332,10.758784690666669,11.186117967583334,11.141617933333334,10.70536804141667,11.200951417666667,10.619784831666667,10.93820126875,10.654451292416669,10.974368015833333,11.12111807,10.697117925583331,10.615534782333336,10.227201342333332,10.67495131475,10.776951353083334,11.023701349916664,10.777118166333333,11.020201365083333,10.5163680715,10.134034793333337,10.722368082333332,11.021784703333333,11.37403464391667,11.432118097166665,11.013034662750002,10.885951360666668,10.770534752666668,10.744451522666669,11.434284687166667,11.047201394916662,11.495867968083331,11.412284611583333,11.381784677166664,11.158451397333332,11.401701450916667,11.469118039000001,11.755618016500001,11.569868009083335,11.350117921916668,11.545534691666667,11.807284593,11.560701292416669,11.702451386666667,11.402368069166668,11.302034696083336,11.201701561833334,11.102451405499997,11.734534661833331,11.203618129666667,11.403951406416668,11.721784831083331,11.189201354000001,11.53278478
42334,355,146,355,55.5,9.166951537166666,9.73636813975,9.974034826166667,10.456034819833333,10.185534794833332,10.11545137625,9.880201458583333,10.1132847465,10.030618189750001,10.196368217583332,10.101284861416666,9.497784853333334,9.873784861,9.887201428833329,9.836784839,10.247701525916666,9.730118115416666,9.79403479875,9.794618209500001,10.616534749083334,10.31711808825,10.233284870750001,9.641368229,9.32270145475,9.746784886916666,9.71620162375,9.946201562666667,9.61403469225,10.077951470166667,10.048951545916669,9.523618101916666,10.209951559583336,9.625868162083334,9.966951488833336,9.599951426333334,9.984034775583332,10.153284867583334,9.619451403333334,9.40470159,8.956451574833332,9.726034840333332,9.71928481225,9.960784832416667,9.633284966,9.869451403666668,9.311201453083331,9.037451506666663,9.617201487833333,10.026368102083334,10.31170145725,10.43928476125,9.925118206833334,9.99028487975,9.6119514705,9.697034876416666,10.325034856666663,10.016784907083336,10.462034821666666,10.484118183833331,10.281534791333334,10.13061813575,10.303868213333333,10.407868027916667,10.716034808916666,10.523368120333332,10.355368217333334,10.476784824916669,10.80786812225,10.491701522416667,10.768701553166666,10.241784969666668,10.2643682165,10.126201470916667,10.033118089583333,10.759118198250002,10.088534871833334,10.28578468275,10.799201448750004,10.015784780083331,10.458701451083334
42335,355,147,355,56.5,9.536618151916663,10.155284802,10.216534772666668,10.763451576083334,10.455784758583333,10.512868166333336,10.39170149975,10.664034923083332,10.197451511083333,10.430784901083332,10.4262849095,9.863618216,10.118701537833331,10.341784874750001,10.21486834725,10.543451348,10.103034933416666,10.14820154475,10.196368137749998,10.884034793,10.6382013965,10.5196181935,10.082701404583334,9.794534882083337,10.1287014875,10.1539513675,10.388201514083331,10.019284963583333,10.481368223749998,10.453118245083331,9.983618219416668,10.4587014925,10.090868235333334,10.157951553916666,10.0586181495,10.197118241166669,10.41695153775,10.030201394583333,9.757034738916667,9.410951415999998,10.058618187833332,9.986534793833334,10.296034892416671,9.904701470166668,10.264701366083337,9.774284800666663,9.554118077,9.965284784333331,10.392284870666666,10.45978478625,10.666618149,10.345201572000002,10.274368008166666,9.899118264750001,9.95945159525,10.49503497275,10.379034718333337,10.647118170916668,10.720951478333333,10.438701629833334,10.420618216833331,10.617284774833331,10.710201582416667,11.120951534083334,10.922868132249999,10.64986820975,10.874201496833336,10.953534841,10.878784893833332,11.057034851750002,10.826784809333331,10.70186825725,10.47545162875,10.37978494175,11.116368173916669,10.444201470083334,10.64978480275,11.12161827,10.255868237083334,10.776618162583333
42336,355,149,355,58.5,9.05039473275,9.838644543916669,9.723311305083335,10.225811242833334,10.066977898166668,10.192644675833334,9.864894588166669,10.214811245333335,9.630311330083336,9.830894510750001,9.841561318333335,9.27989451025,9.48831125066667,9.784144638666668,9.655727942416666,10.037811278583334,9.572727996916663,9.604644616750004,9.68147790375,10.222311377583331,10.26931142825,10.046561359916668,9.594227988916666,9.540644565833333,9.650478004583334,9.672311305583332,9.902311405,9.6333112315,9.913561305416668,9.852311134666666,9.43556133925,9.899977922583332,9.662811358416668,9.610144734666669,9.591811339500001,9.606394609166664,9.867561260916666,9.522894542000001,9.3625612265,8.969227949416668,9.591727972166668,9.379978060666666,9.64089469125,9.370977997083333,9.823061268333333,9.300977945333335,9.135728002333332,9.444727897333332,9.885811289,9.8594779575,10.10522806725,9.882811307333334,9.719477812083333,9.312728047083334,9.442144632666666,9.899644653416669,9.756728053333333,10.022477945583331,10.077561418166669,9.92481112525,9.851894617166666,9.9889780285,10.3182280865,10.550061265833332,10.4310613465,10.0344780285,10.414061307166667,10.336477875999998,10.385227998,10.469561338666669,10.217811306749999,10.149477878583332,9.953644632916667,9.841144602,10.567144671833336,9.9511446555,10.161561409416663,10.540478070500004,9.793977856833331,10.154144605
42337,355,150,355,59.5,9.59945690675,10.416790246666666,10.282123645416666,10.645790100333333,10.554956914333331,10.73270678625,10.507206837833335,11.020540237166667,10.226790111083334,10.425373475833334,10.449540376500002,9.966040292916666,10.08745686125,10.389206964666668,10.251623550083334,10.608123382333332,10.211206834333334,10.258373657583332,10.477623701833332,10.778873603166666,10.682873645916668,10.4712901915,10.23470672025,9.991123596416667,10.165873527666667,10.263540268833331,10.541873534416668,10.117456914,10.543373425083333,10.443623543583334,10.017956971666663,10.30670690475,10.241290330499998,10.168373426666667,10.269040267083334,10.069206873583333,10.491873582250001,10.014957031,9.96795694125,9.686290264083334,10.188540220750001,9.995206833916667,10.266206820583331,9.927706876166665,10.329456886000001,10.003206888583334,9.831290244916667,10.068206866833334,10.425623497250001,10.349456786166664,10.627623636833336,10.387040297166669,10.25929013925,9.826540231916669,10.002540348916666,10.3061236535,10.351040124750002,10.526706695083334,10.560456832916666,10.402456841083334,10.361206849833334,10.592623473333333,10.838540157166667,11.24912349425,11.085206907250004,10.614706834583332,10.854707002416667,10.766623576416665,10.919790268999998,11.080790281749998,10.82054019016667,10.812873602249999,10.463040273000004,10.393373648416668,11.124040285333333,10.498123566666667,10.723373412833334,11.00912356325,10.379790226499999,10.765790144166667
42456,356,145,356,54.5,9.757746617166669,10.318163434333334,10.613829931,11.340746721416664,10.779663405083332,10.656580011499996,10.544163345333331,10.835913260750003,10.926913420833335,11.131079873666666,10.77132987825,9.9614132645,10.768746614166664,10.461663245666669,10.562913258250001,10.869829972500002,10.223663568666666,10.401246627,10.383330027250002,11.552163243666671,10.940663417666668,10.95549658825,10.163163304333331,9.770579973083334,10.51133024575,10.27924656875,10.485163292083334,10.34774673066667,10.70091335075,10.773496826083331,10.258163293583332,10.863080024083333,10.380913296749998,10.767579873416667,10.416579882083333,10.661996641916668,10.772079945166666,10.49024657475,10.162663261916668,9.648996751,10.351746599083333,10.494913260916666,10.6081632775,10.343663256083332,10.598246732583332,10.020913204,9.613663276166664,10.280746619583333,10.860246698166668,11.180830040999998,11.383996565250001,10.683996637166668,10.67457997825,10.50432988,10.554746588666667,11.29824662266667,10.7150799825,11.25457998175,11.283663272166665,11.145829994916667,10.957496643333334,11.103579959166666,11.234746655583336,11.51916321175,11.205829977416668,11.089413286083332,11.301829854500001,11.731830040333335,11.234746616416666,11.555163145000002,11.05641333225,11.074246564249997,10.870246607833334,10.796913305999999,11.552496552583332,10.938663244416666,11.20882991925,11.694996675,10.90282992425,11.355996767416663
42457,356,146,356,55.5,9.463760335666663,10.017926970666666,10.197093605666668,10.816260337416669,10.518093586416668,10.600593686166668,10.363343754583333,10.647010445,10.363010246333332,10.5836769735,10.450010379583334,9.892760316416668,10.17776048125,10.329510290166668,10.167926986416663,10.603510339333331,10.051177025166666,10.097843686666668,10.199260196000001,10.916427056083334,10.6542602775,10.567926923333337,9.95676040525,9.713176965833332,10.055427035666666,10.08034368325,10.281927029333334,10.105010152333334,10.453260501416668,10.336843649083331,9.962343694083332,10.477510412833334,10.11951025375,10.298760215666666,10.117760379416666,10.271843512083334,10.4631769265,10.040093700833333,9.870760321583331,9.512343645,10.044343631083336,10.06367687275,10.29492696125,10.03884375075,10.259010432999998,9.838177005416666,9.513260324916669,9.984176953666664,10.420427122583334,10.678510347666666,10.827593684666667,10.397010366833332,10.378176967416668,10.054010351333332,10.093843658916668,10.6677603325,10.3143438505,10.756510457333334,10.710760354833333,10.650927066916669,10.50576023175,10.697176972833335,10.948427042,11.186343709,10.9800937185,10.6744269125,10.973926861583333,11.046426932583332,10.935426989916666,11.117510279749999,10.698593695916665,10.702593564416668,10.524676998833334,10.41634368775,11.133426905,10.523926854083332,10.696426947666668,11.106427113833334,10.523093541083334,10.8255937095
42458,356,150,356,59.5,9.340534528416669,10.192284465083334,10.129201134083331,10.49886791,10.42320124325,10.594951232,10.449951171833332,10.705951173333332,10.109367768,10.321534673,10.37570110875,9.765367944833333,9.95403456775,10.278451164166666,10.264951149916667,10.601284583083332,10.052451133416666,10.114951133666668,10.265951156666667,10.71878449183333,10.581534624833333,10.375367879833334,10.106617928583336,9.885534645000002,10.14670125675,10.095117728416666,10.373117923833334,10.007784605916669,10.383451144833334,10.280117908583334,9.930201172166669,10.1907011665,10.168451230333332,10.081451256416667,10.184951384916667,9.909367878583332,10.414951165666666,9.971867839333331,9.788784424666664,9.440034548916667,10.076701244666669,9.860034505416666,10.192951201916669,9.837117910249999,10.148951212166669,9.87336798575,9.64328463925,9.913951119750001,10.381701230666666,10.281451065916665,10.579617897333334,10.310784578916667,10.170201141833331,9.783534527166665,9.871951261,10.261451084833334,10.214201172000001,10.410951216666668,10.422617911333331,10.349201201416667,10.285034497999998,10.50753466275,10.839201131666668,11.0627012255,11.040951172333331,10.516951243833333,10.842284600833333,10.706534623833335,10.7839511235,10.925784587416668,10.62820132575,10.683451254249999,10.356784583,10.3272012865,11.029367843666668,10.434534391583332,10.63011805191667,10.951617875999998,10.26278448,10.565617799249999
42576,357,145,357,54.5,9.307667931333333,9.82108457816667,10.128501256333331,10.944917916749999,10.489667891749999,10.5040012985,10.307751337833333,10.431168000333331,10.624667922416668,10.746251303666666,10.500001111833331,9.71041790675,10.324001272166669,10.2672513715,10.122834602583334,10.558334788083334,9.891001343333333,10.047084688833332,10.0927513455,11.04775130725,10.65816776,10.684918006416668,9.810668031166667,9.492501298916666,10.092917958583334,9.92908450025,10.153917987333333,10.096501271749998,10.3922513725,10.326417882916667,9.9537514455,10.54833455825,10.09816797575,10.419418017916666,10.04908462375,10.363751331083334,10.49358467233333,10.082251270416666,9.876251300500002,9.43733477525,9.985834558416666,10.127667943333334,10.371501207416664,10.12416803825,10.223584651333333,9.843834519333331,9.428417920416667,9.949167888083332,10.48833473575,10.986251075500002,10.98425126125,10.407168030666666,10.498501340250002,10.170001267999998,10.222834627333334,10.87716798,10.286084691333334,10.899667859000001,10.786251386083334,10.840417821583335,10.58250121175,10.749001264333332,11.043084542,11.24291793525,11.01258472608333,10.750501235,11.025668104333334,11.239251296166666,10.965417822000001,11.068584720250001,10.590751171583332,10.734167973333333,10.600417931333334,10.504251281666667,11.222501278416667,10.659334578583334,10.79866790641667,11.225167909916664,10.706668019999997,10.978584686833337
42577,357,149,357,58.5,8.789617220166665,9.505700588333337,9.383867264083332,10.185367267166669,9.8507006165,9.952950597333333,10.064450621166667,10.178367335833334,9.740533828749998,9.957117159916665,9.8797007,9.248033842166668,9.4697006145,9.819700718,9.727533856833334,9.969533921666667,9.48953386175,9.594867307916667,9.63670063,10.297450582916666,10.19920051025,10.092034062333337,9.53745067225,9.355950594833333,9.667783895333335,9.524533947416666,9.78820069575,9.613033810416667,9.852617223833333,9.824867129166664,9.459283907083334,9.8912006205,9.78320054175,9.699783960416667,9.747617284083335,9.571283896833332,9.861033916083333,9.521533886583331,9.299783944916667,8.963950633166666,9.552033941666666,9.400283893166668,9.68203397575,9.350200533833334,9.70261728675,9.456200600166667,9.206200599416666,9.407867232666666,9.963117281750002,10.0393672,10.204950649583333,9.915367166083334,9.835283915333331,9.397283951666667,9.545783916583334,10.012117306249998,9.762450615499999,10.032284061666667,10.1126173335,9.975200612916666,9.937200625583332,10.051367283416669,10.428283810416668,10.667950550499999,10.524367332083333,10.064617236999998,10.488617419083331,10.360784013916666,10.374367356666667,10.457533916083332,10.209033926583333,10.277033964416669,9.953117371333333,9.892283956166668,10.630783955916666,9.987450638916666,10.222700555333335,10.650617360666669,9.88686720525,10.22403387325
42578,357,150,357,59.5,9.017245332583332,9.885995387083332,9.909578680833334,10.288912018416669,10.266662080333335,10.345412015583332,10.231162071083332,10.464078825166666,9.916245421083334,10.130412022749999,10.18132873475,9.466328739666666,9.755745410666668,10.065995415416666,10.061245243166669,10.320995291416668,9.873412052833332,9.93416197975,9.955245416916666,10.519078652416669,10.419245482583332,10.1754953855,9.841578642833332,9.658412019166667,9.884828608166666,9.833328803583333,10.071412126583335,9.841328740333331,10.135995348166663,10.013995448916663,9.720745323833334,9.998995503916667,9.960578639416669,9.864578803916666,9.99524529775,9.74874544175,10.19249530725,9.761078635916668,9.545078753666665,9.166412155083334,9.846911987333332,9.644161979916667,9.979995291416667,9.646245360416666,9.867578744833333,9.658245444166667,9.399495323333333,9.6407454025,10.182828704166667,10.166078766416666,10.415078640083335,10.156495332999999,10.046078761,9.6245787535,9.667245347916667,10.16291205025,9.990161974,10.215911983833331,10.20449550975,10.170578639583333,10.086828787333332,10.27041196875,10.705828666,10.835995396083332,10.85041197141667,10.31482871425,10.723412036083332,10.523328781833332,10.608745416416664,10.701662103916666,10.366745393833334,10.48591220475,10.1314121875,10.106912056916668,10.844245473583335,10.265412051833334,10.424995383333334,10.834161997999999,10.120245376666668,10.37757873558333
42693,358,147,358,56.5,8.606929182333332,9.166762511333332,9.432762503500001,10.283595681749999,10.02501237375,10.00109589125,9.978345870833332,10.000679095583331,9.935929139333334,10.124012668666667,10.000429231833332,9.19584572375,9.6117626035,9.815429250916669,9.646595955416668,9.921512483916668,9.357179244833333,9.587012528833334,9.584179083250001,10.411345839833334,10.128762603583333,10.128345768416668,9.31717928225,9.1414292655,9.491262555416666,9.428512572916668,9.662262518166669,9.63292924525,9.829679170916668,9.702262559416669,9.369345743916666,9.97192919125,9.769845923,9.862679243083337,9.724429051583334,9.743845819916666,9.935512542166668,9.511429190916669,9.244345903249998,8.886012633416668,9.519845604416668,9.529845873833333,9.80417923175,9.514595866666664,9.655012487583331,9.4014291775,9.051512598916666,9.339845816333334,10.001512449166666,10.332012414083334,10.4020958735,9.899595897166668,10.080095808083337,9.551179130333331,9.621179103833333,10.194762508166669,9.68201243825,10.22967922675,10.164012472166666,10.192012349,10.043845892333334,10.149262428,10.628595868416669,10.743429184916666,10.552762389,10.237012466166666,10.601762374333337,10.574929158416667,10.47501242075,10.612262368499998,10.11776260575,10.272845744333337,10.056595920833333,9.945679187083332,10.772762537083333,10.069595774416669,10.257762352,10.715512434333334,10.135679165250002,10.399512450583334
42694,358,149,358,58.5,8.324432651499999,9.065349222250001,9.08476587125,9.818682471333334,9.596682429416669,9.624099135666668,9.670432647583333,9.639765938666665,9.37626584375,9.624515970083332,9.586765845499999,8.765765866,9.133599122833331,9.439849258250002,9.345099172166668,9.527599215750001,9.042849102916666,9.20768253,9.19218254,9.944765886666667,9.841599107666664,9.7265991775,9.123099168333336,9.013682564166666,9.262765964083334,9.141682585333331,9.355349223,9.293765862666666,9.41493248875,9.369932532666668,9.114182591583331,9.556349198083334,9.463849186916669,9.34943254825,9.388932664583333,9.292682568499998,9.522015850166667,9.17218260025,8.913682619833336,8.52026581775,9.199515938666666,9.021599213416666,9.3264325855,9.071182489083332,9.274932623166666,9.034515857416666,8.745432455583332,9.020182609333334,9.650765895666666,9.787349263833336,9.893515944749998,9.5874325035,9.622265856166665,9.10876584125,9.1816825875,9.75801591,9.300599177666667,9.717765887583331,9.715099216166667,9.698765794583332,9.6370158605,9.670599341666668,10.160182595916668,10.302682439833331,10.208432634833333,9.758599201083332,10.220432559833332,10.08843247175,10.107849240416668,10.1496824825,9.78118240825,9.8965991335,9.64534918475,9.568015893500002,10.316265821,9.731015881583334,9.903515974666666,10.360515912083333,9.62518258825,9.898599307000001
42695,358,150,358,59.5,8.545813917666667,9.452647368083332,9.479647357083332,9.926480571499999,9.8648971725,9.929647206333334,9.85948057975,9.968897342916666,9.561397314166667,9.850563923916667,9.873230695166667,9.070313930666666,9.360397219416669,9.69306393575,9.59906395325,9.791313964583336,9.48089730808333,9.650647322083335,9.488480607666668,10.156147321083333,9.922813892583331,9.831980506,9.398980578333333,9.28989728341667,9.458897273166668,9.431813994583337,9.663980682583334,9.490897376083334,9.701313852666667,9.623063922250001,9.383314053416669,9.676647345166668,9.558313926333334,9.563647269333334,9.661813974500001,9.430063962583333,9.772897243500001,9.301730591833332,9.178647200666669,8.79939715025,9.454897284583334,9.296313881916669,9.592063983833334,9.313230554916666,9.48039722325,9.314897138583332,9.060813943833333,9.199563900333333,9.848813931583331,9.93023057725,10.191897352833331,9.846647342,9.821647206749999,9.334063967083333,9.368147254166667,9.926730672666666,9.551980575333332,9.864063938416665,9.859480580416667,9.836980581249998,9.742147365833334,9.860230486499999,10.383647203916668,10.503730456,10.448563813666668,10.03814732975,10.394313891666664,10.200814048416666,10.276397228166664,10.375314036416666,9.937730631166668,10.1415639325,9.802897136083333,9.768147309249999,10.519730608,9.919147293083332,10.090480446166668,10.580730438583332,9.866480628916667,10.149814010416666
42810,359,146,359,55.5,8.211814283416668,8.675897439666665,9.179730734249999,10.258647482333334,9.879314064833332,9.785564183083334,9.678814133,9.526980837250001,9.969314098499998,10.102397482166667,9.859814127666668,8.921564102666666,9.452230692083337,9.6075642505,9.372480750583334,9.651230772166668,8.979564150166668,9.345480719583334,9.339814186583332,10.365064143333333,9.91648073925,10.07523087675,8.949897527166664,8.779230832583334,9.256647587416667,9.089730739583334,9.379397471916668,9.443730831499998,9.595980801916669,9.43464740075,9.1662309165,9.826564113916666,9.593480786416666,9.790230829666665,9.479730765666668,9.668980797,9.758897502916668,9.3973140325,9.04089736975,8.6163975,9.2796475095,9.370647510083334,9.65556403,9.39914755025,9.428147554833334,9.182064095916669,8.766730786083333,9.083230853083334,9.868814071166666,10.400647520916666,10.366397540166668,9.729147394249999,10.062897521916666,9.493397554083334,9.557647546583334,10.148897369916666,9.4066474445,10.185314218833332,10.031314214583333,10.153814236416665,9.949230790833333,10.042314012166669,10.602064012666665,10.617314179583332,10.426397562583334,10.123897432666668,10.533564170750001,10.582064151416668,10.351980925416667,10.411730726916666,9.832730809083332,10.090730865833333,9.933230797833334,9.821980754499998,10.70314753025,9.98414754875,10.108314276416667,10.613730985750001,10.119897405,10.359064182000001
42811,359,147,359,56.5,8.217802882666666,8.726386069916666,9.08821952375,10.111386219166667,9.82371954125,9.745969493666664,9.72546951,9.521302859,9.796386162666666,9.95330285975,9.777719537916667,8.877052903500001,9.360469461000001,9.608136058416665,9.418136119083334,9.587386211333332,9.018719514666666,9.352052847833331,9.300052961083333,10.285386205750001,9.888802886666666,9.98696959025,9.02096939125,8.834219415666666,9.30005268225,9.09655292775,9.329886236583334,9.42321944175,9.592802882166668,9.407802819916666,9.126802761833334,9.779886086916669,9.613719581749999,9.679802815416666,9.549969475,9.553219477416668,9.655719598,9.329302906416665,8.98830298625,8.572802662666666,9.242719531249998,9.289719542333332,9.563802798833336,9.285136063083334,9.392219624666666,9.155719399249998,8.796219389083332,9.030886173250002,9.830136100083335,10.293552835583334,10.232636291916666,9.7081362415,9.965719580583334,9.372469465666668,9.455886086166666,10.05163629775,9.416552861083334,10.070886254500001,9.954386115416666,9.98746951375,9.85821954325,9.917886058333336,10.489719351833331,10.537219604166664,10.375969489916669,10.018386085416667,10.445052821749998,10.471802671583331,10.251886089333334,10.3664694225,9.849136114166667,10.078969438916667,9.868886272000001,9.779052852333336,10.610886136749999,9.885719577083334,10.102302908333334,10.623469511916669,9.93021945116667,10.252886136166667
42812,359,148,359,57.5,8.284456054333331,8.878705977666666,9.064372540166667,10.06387269525,9.77128926925,9.739622672000001,9.829539417916664,9.703289230833333,9.729539474916669,9.936955968666666,9.772705992416666,8.937205872166668,9.323789397833334,9.623206059166668,9.477205913166664,9.643289407000001,9.1022060715,9.382622798916666,9.34328937525,10.23803921475,9.937039256083333,9.969706098083332,9.135705868333332,8.962872584916663,9.370956063333333,9.173872629333331,9.418039322583333,9.461205999083335,9.612872719500002,9.48587262566667,9.198372721916668,9.758789420916665,9.649706045666669,9.6422892415,9.582539398916667,9.514456073000002,9.673539478916666,9.301372647249998,9.033539374916666,8.642706116,9.296622793583332,9.255706031499999,9.5719561975,9.255706072,9.428122758916668,9.245206037916667,8.894956072916663,9.101039409916668,9.851456045499999,10.169789473833331,10.182872652666664,9.716622788833334,9.904122748916668,9.3459558885,9.429039199666668,9.99337263925,9.448205988,10.008705972916667,9.941706061,9.947539410166668,9.852039338083332,9.925622621833332,10.451872706,10.515539328250002,10.405289412,10.007706124916666,10.44620605325,10.376622677833334,10.260955968333333,10.336872696583331,9.892122665583337,10.11003935375,9.878122767333334,9.781872750416667,10.563956021416669,9.904622674083331,10.094872633,10.565539320083332,9.87978935175,10.193872729333334
42813,359,149,359,58.5,8.23829635,8.97662957475,9.086462974166666,9.851129570916669,9.696129520333331,9.665212949083335,9.780462900583336,9.627296169500001,9.530212879583333,9.777546246666667,9.659296274083331,8.838712930333331,9.166463057833335,9.506296278833334,9.412462909916668,9.470629492833332,9.038796345416666,9.353962937583333,9.251379529,10.067462999416668,9.856046278416665,9.836629628916668,9.099129597583335,9.034296234083332,9.229879618083332,9.158712943333333,9.42596300375,9.372879545249999,9.538212856166668,9.367213010750001,9.12921301575,9.62229629441667,9.502213002000001,9.477963010833333,9.4787129155,9.40637962,9.54012962175,9.174546240500002,8.92521293975,8.55779635933333,9.239296356083333,9.118296345833334,9.48212957375,9.137462974083334,9.348046262833334,9.138546307583333,8.787296175083332,9.023796121583334,9.753296056833337,9.932296236416668,10.011046329833334,9.659879565499999,9.753879627333331,9.1972963005,9.208712896333331,9.789712906083333,9.36729621875,9.852046252333333,9.757712960083332,9.8173795145,9.703046283166666,9.785629629333334,10.306462883499998,10.39754629075,10.2953797175,9.874046167083334,10.353796123583333,10.175212901500002,10.098462979250002,10.25604621625,9.70262952675,9.98121297325,9.72471308625,9.611796101666666,10.437546173333336,9.821712811583334,9.949796279500001,10.40137966425,9.719129601416666,9.992296218499998
42814,359,150,359,59.5,8.38290357625,9.316153487333333,9.363403479333334,9.837820212166669,9.712570388416665,9.703236936916669,9.975986918083331,9.869486808,9.480403541833336,9.944153586833334,9.839986960166666,8.985403537333331,9.222487013166663,9.634236972166669,9.554570277,9.718653598166666,9.31057023975,9.533070287166668,9.3064035965,10.079403560166666,9.876736997500002,9.843820332166668,9.306486964166666,9.283070285833334,9.42057025475,9.402153492416666,9.542736927999998,9.477986891416666,9.577653527083333,9.481736898,9.303570191083333,9.72090363416667,9.513403534916668,9.605653564416668,9.61207040125,9.431903680416667,9.6959867875,9.218820055750001,9.137986938083332,8.767986893583332,9.343486903833334,9.199903488083336,9.489570219416668,9.239153623,9.476403593833334,9.357320069749997,9.0295702215,9.105903546916666,9.891653696583331,9.915236910666666,10.325320363,9.84123694875,9.864320278833333,9.328653495166664,9.340570251166666,10.02348685225,9.522486925666668,9.857153654416669,9.911820252416666,9.767486969416668,9.754320184583333,9.857653657333334,10.44673685275,10.426903485499999,10.333736936916669,10.06532025375,10.426570456,10.25607013775,10.223570227583334,10.347487012583333,9.830570222083333,10.138570150083334,9.817653735,9.742320181,10.512903690916666,9.904653549333334,10.04282013625,10.591236829666666,9.904820283666666,10.150653561333334
